{
	"info": {
		"_postman_id": "d9fd85f9-f347-46e0-a3ac-e332410049bb",
		"name": "COMP3059 - Assignment 1 - Event and Approval Service",
		"description": "This is the event and approval API flow",
		"schema": "https://schema.getpostman.com/json/collection/v2.1.0/collection.json",
		"_exporter_id": "38149130"
	},
	"item": [
		{
			"name": "Create Type",
			"request": {
				"method": "POST",
				"header": [],
				"body": {
					"mode": "raw",
					"raw": "{\r\n    \"type_name\": \"Staff\"\r\n}",
					"options": {
						"raw": {
							"language": "json"
						}
					}
				},
				"url": {
					"raw": "localhost:8092/api/v1/type",
					"host": [
						"localhost"
					],
					"port": "8092",
					"path": [
						"api",
						"v1",
						"type"
					]
				}
			},
			"response": []
		},
		{
			"name": "Get All Type",
			"request": {
				"method": "GET",
				"header": [],
				"url": {
					"raw": "localhost:8092/api/v1/type",
					"host": [
						"localhost"
					],
					"port": "8092",
					"path": [
						"api",
						"v1",
						"type"
					]
				}
			},
			"response": []
		},
		{
			"name": "Create User",
			"request": {
				"method": "POST",
				"header": [],
				"body": {
					"mode": "raw",
					"raw": "{\r\n    \"user_name\": \"Le Thuy Linh\",\r\n    \"user_email\": \"lethuylinh@gmail.com\",\r\n    \"type_id\": 2\r\n}",
					"options": {
						"raw": {
							"language": "json"
						}
					}
				},
				"url": {
					"raw": "localhost:8092/api/v1/user",
					"host": [
						"localhost"
					],
					"port": "8092",
					"path": [
						"api",
						"v1",
						"user"
					]
				}
			},
			"response": []
		},
		{
			"name": "Get All User",
			"request": {
				"method": "GET",
				"header": [],
				"url": {
					"raw": "localhost:8092/api/v1/user",
					"host": [
						"localhost"
					],
					"port": "8092",
					"path": [
						"api",
						"v1",
						"user"
					]
				}
			},
			"response": []
		},
		{
			"name": "Get All Events",
			"request": {
				"method": "GET",
				"header": [],
				"url": {
					"raw": "localhost:8042/api/v1/event",
					"host": [
						"localhost"
					],
					"port": "8042",
					"path": [
						"api",
						"v1",
						"event"
					]
				}
			},
			"response": []
		},
		{
			"name": "Create Event - Reject Because not Staff Copy",
			"request": {
				"method": "POST",
				"header": [],
				"body": {
					"mode": "raw",
					"raw": "{\r\n    \"userId\": 1,\r\n    \"eventName\": \"Financial Management Workshop\",\r\n    \"eventType\": \"Mandatory Event\",\r\n    \"expectedAttendees\": 100\r\n}",
					"options": {
						"raw": {
							"language": "json"
						}
					}
				},
				"url": {
					"raw": "localhost:8042/api/v1/event",
					"host": [
						"localhost"
					],
					"port": "8042",
					"path": [
						"api",
						"v1",
						"event"
					]
				}
			},
			"response": []
		},
		{
			"name": "Create Event - Approve Because is Staff",
			"request": {
				"method": "POST",
				"header": [],
				"body": {
					"mode": "raw",
					"raw": "{\r\n    \"userId\": 2,\r\n    \"eventName\": \"Financial Management Workshop\",\r\n    \"eventType\": \"Mandatory Event\",\r\n    \"expectedAttendees\": 100\r\n}",
					"options": {
						"raw": {
							"language": "json"
						}
					}
				},
				"url": {
					"raw": "localhost:8042/api/v1/event",
					"host": [
						"localhost"
					],
					"port": "8042",
					"path": [
						"api",
						"v1",
						"event"
					]
				}
			},
			"response": []
		},
		{
			"name": "Get Event Details from Approval Service",
			"request": {
				"method": "GET",
				"header": [],
				"url": {
					"raw": "localhost:8044/api/v1/approval/eventDetails/672e2e8da9eeb175abb6d949",
					"host": [
						"localhost"
					],
					"port": "8044",
					"path": [
						"api",
						"v1",
						"approval",
						"eventDetails",
						"672e2e8da9eeb175abb6d949"
					]
				}
			},
			"response": []
		},
		{
			"name": "Verity User in Approval Service - Not Staff",
			"request": {
				"method": "GET",
				"header": [],
				"url": {
					"raw": "localhost:8044/api/v1/approval/verify/1",
					"host": [
						"localhost"
					],
					"port": "8044",
					"path": [
						"api",
						"v1",
						"approval",
						"verify",
						"1"
					]
				}
			},
			"response": []
		},
		{
			"name": "Verity User in Approval Service - Staff",
			"request": {
				"method": "GET",
				"header": [],
				"url": {
					"raw": "localhost:8044/api/v1/approval/verify/2",
					"host": [
						"localhost"
					],
					"port": "8044",
					"path": [
						"api",
						"v1",
						"approval",
						"verify",
						"2"
					]
				}
			},
			"response": []
		},
		{
			"name": "Update Event",
			"request": {
				"method": "PUT",
				"header": [],
				"body": {
					"mode": "raw",
					"raw": "{\r\n    \"userId\": 1,\r\n    \"eventName\": \"Source Management Workshop\",\r\n    \"eventType\": \"Optional Event\",\r\n    \"expectedAttendees\": 250\r\n}",
					"options": {
						"raw": {
							"language": "json"
						}
					}
				},
				"url": {
					"raw": "localhost:8042/api/v1/event/672ec7ad8c7ace72aa8bcbf7",
					"host": [
						"localhost"
					],
					"port": "8042",
					"path": [
						"api",
						"v1",
						"event",
						"672ec7ad8c7ace72aa8bcbf7"
					]
				}
			},
			"response": []
		},
		{
			"name": "Delete Event",
			"request": {
				"method": "DELETE",
				"header": [],
				"url": {
					"raw": "localhost:8042/api/v1/event/672ec7ad8c7ace72aa8bcbf7",
					"host": [
						"localhost"
					],
					"port": "8042",
					"path": [
						"api",
						"v1",
						"event",
						"672ec7ad8c7ace72aa8bcbf7"
					]
				}
			},
			"response": []
		},
		{
			"name": "Create Approval",
			"request": {
				"method": "POST",
				"header": [],
				"body": {
					"mode": "raw",
					"raw": "{\r\n    \"userId\": 2,\r\n    \"eventId\": \"672ec7ad8c7ace72aa8bcbf7\",\r\n    \"isApproved\": false\r\n}",
					"options": {
						"raw": {
							"language": "json"
						}
					}
				},
				"url": {
					"raw": "localhost:8044/api/v1/approval",
					"host": [
						"localhost"
					],
					"port": "8044",
					"path": [
						"api",
						"v1",
						"approval"
					]
				}
			},
			"response": []
		},
		{
			"name": "Update Approval",
			"request": {
				"method": "PUT",
				"header": [],
				"body": {
					"mode": "raw",
					"raw": "{\r\n    \"userId\": 1,\r\n    \"eventId\": \"672ec7ad8c7ace72aa8bcbf7\",\r\n    \"isApproved\": true\r\n}",
					"options": {
						"raw": {
							"language": "json"
						}
					}
				},
				"url": {
					"raw": "localhost:8044/api/v1/approval",
					"host": [
						"localhost"
					],
					"port": "8044",
					"path": [
						"api",
						"v1",
						"approval"
					]
				}
			},
			"response": []
		},
		{
			"name": "Get All Approval",
			"request": {
				"method": "GET",
				"header": [],
				"url": {
					"raw": "localhost:8044/api/v1/approval",
					"host": [
						"localhost"
					],
					"port": "8044",
					"path": [
						"api",
						"v1",
						"approval"
					]
				}
			},
			"response": []
		},
		{
			"name": "Delete Approval",
			"request": {
				"method": "DELETE",
				"header": [],
				"url": {
					"raw": "localhost:8044/api/v1/approval/672fcc721b67c02eae737396",
					"host": [
						"localhost"
					],
					"port": "8044",
					"path": [
						"api",
						"v1",
						"approval",
						"672fcc721b67c02eae737396"
					]
				}
			},
			"response": []
		}
	]
}